<?xml version="1.0" encoding="UTF-8"?>
<project-private xmlns="http://www.netbeans.org/ns/project-private/1">
    <editor-bookmarks xmlns="http://www.netbeans.org/ns/editor-bookmarks/2" lastBookmarkId="0"/>
    <open-files xmlns="http://www.netbeans.org/ns/projectui-open-files/2">
        <group>
            <file>file:/C:/Users/The%20Raphael/Desktop/Codigo/parteDebora/funcionario.html</file>
            <file>file:/C:/Users/The%20Raphael/Desktop/Codigo/index%20(2).html</file>
            <file>file:/C:/Users/The%20Raphael/Desktop/Codigo/index.html</file>
            <file>file:/C:/Users/The%20Raphael/Desktop/Codigo/slide9.html</file>
            <file>file:/C:/Users/The%20Raphael/Desktop/Codigo/css/bootstrap.min%20(2).css</file>
            <file>file:/C:/Users/The%20Raphael/Desktop/Codigo/slide8.html</file>
        </group>
    </open-files>
</project-private>
